City_ID,City,Country,Max Temp,Current Description,Lat,Lng,Hotel Name
0,Sao Filipe,CV,78.12,scattered clouds,14.8961,-24.4956,Hotel Xaguate
1,Mahebourg,MU,76.24,broken clouds,-20.4081,57.7,Shandrani Beachcomber Resort & Spa
2,Bengkulu,ID,80.83,light rain,-3.8004,102.2655,Grage Hotel Bengkulu
3,Hilo,US,75.25,moderate rain,19.7297,-155.09,Hilo Hawaiian Hotel
4,Chaozhou,CN,89.46,overcast clouds,23.6651,116.6379,Seven Corner View Homestay
5,Vaini,TO,75.36,broken clouds,-21.2,-175.2,Keleti Beach Resort
6,Acapulco,MX,76.35,overcast clouds,16.8634,-99.8901,HS Hotsson Smart Acapulco
7,Faanui,PF,78.6,broken clouds,-16.4833,-151.75,Bora-Bora Pearl Beach Resort & Spa
9,Namatanai,PG,82.09,overcast clouds,-3.6667,152.4333,Seagulls Inn Namatani
11,Changji,CN,81.39,clear sky,44.0167,87.3167,Lvye Holiday Resort
12,Itoman,JP,84.97,few clouds,26.1247,127.6694,Southern Beach Hotel & Resort Okinawa
13,Shache,CN,82.38,scattered clouds,38.4167,77.2406,Delong Hotel
14,Yago,MX,76.39,overcast clouds,21.8333,-105.0667,Casa de Mariela
15,Iracoubo,GF,77.49,overcast clouds,5.4802,-53.2011,Le G√Æte d‚ÄôIracoubo
17,Kahului,US,80.62,scattered clouds,20.8947,-156.47,Maui Seaside Hotel
18,Chabahar,IR,82.49,broken clouds,25.2919,60.643,Ÿáÿ™ŸÑ ⁄ØÿØÿ±Ÿàÿ¥€åÿß
19,Hithadhoo,MV,81.75,broken clouds,-0.6,73.0833,Scoop Guest House
20,Atuona,PF,76.39,light rain,-9.8,-139.0333,Villa Enata
21,Cabo San Lucas,MX,79.52,broken clouds,22.8909,-109.9124,Hotel Tesoro Los Cabos
22,Phangnga,TH,86.04,overcast clouds,8.4509,98.5298,Sunimit Mansion
23,Saint George,US,77.95,clear sky,37.1041,-113.5841,Best Western Plus Abbey Inn
24,Aswan,EG,81.7,clear sky,24.0934,32.907,Nuba Nile
25,Kapaa,US,79.12,broken clouds,22.0752,-159.319,Sheraton Kauai Coconut Beach Resort
26,Buraydah,SA,86.45,scattered clouds,26.326,43.975,M√∂venpick Qassim
27,Korla,CN,83.93,clear sky,41.7597,86.1469,Gulisitan Hotel
28,Port Hedland,AU,87.85,clear sky,-20.3167,118.5667,The Esplanade Hotel
29,Bourail,NC,76.48,clear sky,-21.5667,165.4833,Motel Allamanda
30,Praxedis Guerrero,MX,80.2,clear sky,31.3667,-106.0167,Congregaci√≥n placitas de Otero
31,Linguere,SN,78.26,overcast clouds,15.3953,-15.1193,AYO Casablanca
32,Almora,IN,79.21,broken clouds,29.6167,79.6667,New Dolma
33,Peoria,US,80.55,clear sky,40.7667,-89.7668,Wildlife Prairie Park
34,Marsh Harbour,BS,83.41,clear sky,26.5412,-77.0636,Abaco Beach Resort
35,Nushki,PK,86.7,clear sky,29.5542,66.0215,Shams hotel
36,Bambous Virieux,MU,76.21,broken clouds,-20.3428,57.7575,Casa Tia Villa
37,Hirara,JP,84.06,broken clouds,24.8,125.2833,Hotel Atoll Emerald Miyakojima
38,Rio Grande City,US,79.11,broken clouds,26.3798,-98.8203,La Borde House
39,Lampang,TH,87.71,scattered clouds,18.3333,99.5,Mrs Luis Guest House
40,Tiarei,PF,78.82,scattered clouds,-17.5333,-149.3333,Le Rocher de Tahiti
41,Grand Gaube,MU,76.37,clear sky,-20.0064,57.6608,Veranda Paul et Virginie Hotel & Spa
42,Victoria,HK,89.96,broken clouds,22.2855,114.1577,Mini Central
43,Hobyo,SO,81.41,few clouds,5.3505,48.5268,Halane Hotel and Restaurent
44,Manjeshwar,IN,79.75,overcast clouds,12.7194,74.8861,Mangalore Beach House - EWA Ikigai
45,Cozumel,MX,77.95,clear sky,20.5083,-86.9458,Cozumel Palace¬Æ All Inclusive Resort
46,Key West,US,86.0,clear sky,24.5557,-81.7826,Fairfield Inn & Suites by Marriott Key West
47,Porto Novo,BJ,76.82,overcast clouds,6.4965,2.6036,Tour Eiffel Hotel Benin
48,Kalmeshwar,IN,80.22,overcast clouds,21.2333,78.9,Shri Sai Prem Farsan And Daily Needs
49,Kavaratti,IN,80.98,broken clouds,10.5669,72.642,Green leaf
50,Petauke,ZM,76.42,clear sky,-14.2426,31.3253,Kwamwanja Wanthu
51,San Angelo,US,79.41,scattered clouds,31.4638,-100.437,"Motel 6 San Angelo, TX"
52,Jasper,US,80.55,clear sky,37.2001,-94.3502,Guest House Motel
53,Khash,IR,84.47,clear sky,28.2211,61.2158,ÿÆŸàÿßÿ®⁄ØÿßŸá ÿ¢ÿ®ÿ¨€å ŸÖÿ≠ÿØÿ´Ÿá
54,Codajas,BR,77.52,broken clouds,-3.8367,-62.0569,ATL√ÇNTIC HOTEL
55,Yulara,AU,78.62,clear sky,-25.2406,130.9889,Desert Gardens Hotel - Ayers Rock Resort
56,Zhangye,CN,76.03,overcast clouds,38.9342,100.4517,Zhangye Lvzhou Holiday Inn
57,Singaparna,ID,80.44,overcast clouds,-7.3515,108.111,Wisma Dewi Hotel
58,Isangel,VU,78.22,few clouds,-19.55,169.2667,Tanna Lodge
59,Port Blair,IN,87.84,scattered clouds,11.6667,92.75,"Welcomhotel By ITC Hotels, Bay Island, Port Blair"
60,Butaritari,KI,81.7,light rain,3.0707,172.7902,Isles Sunset Lodge
61,Shingu,JP,76.6,overcast clouds,33.7333,135.9833,Shingu UI Hotel
62,Likasi,CD,76.28,broken clouds,-10.9814,26.7333,TABERNACLE DE LIKASI
64,Cockburn Town,TC,81.46,overcast clouds,21.4612,-71.1419,Osprey Beach Hotel
66,Djibo,BF,75.49,broken clouds,14.1022,-1.6306,Centre Des Ressources DPENA
67,Mae Hong Son,TH,84.34,scattered clouds,19.3003,97.9685,Baiyoke Chalet Hotel
68,Pachino,IT,75.0,few clouds,36.7186,15.0907,Il Veliero
69,Port Moresby,PG,87.22,haze,-9.4431,147.1797,Lamana Hotel (Port Moresby)
70,Sarakhs,IR,87.87,clear sky,36.5449,61.1577,ŸÖŸáŸÖÿßŸÜ ÿ≥ÿ±ÿß€å ÿ¥ÿ±⁄©ÿ™ ⁄Øÿßÿ≤
71,Oistins,BB,84.29,broken clouds,13.0667,-59.5333,Butterfly Beach Hotel
72,San Jose De Guanipa,VE,75.0,overcast clouds,8.8872,-64.1651,Hotel Kari√±a Guanipa
74,Sarangpur,IN,83.82,broken clouds,23.5667,76.4667,Mk manjil
76,Ambon,ID,86.14,scattered clouds,-3.6954,128.1814,Swiss-Belhotel Ambon
78,San Patricio,US,82.89,clear sky,28.017,-97.5169,"Motel 6 Sinton, TX"
79,Quatre Cocos,MU,76.08,scattered clouds,-20.2078,57.7625,Sunrise Attitude Hotel
80,Sitio Novo Do Tocantins,BR,76.93,clear sky,-5.5183,-47.4611,Imperial Hotel
81,Lakhisarai,IN,89.4,overcast clouds,25.1768,86.0932,Hotel DRS Deluxe
82,Kavieng,PG,83.61,broken clouds,-2.5744,150.7967,Nusa Island Retreat
83,Ambilobe,MG,84.94,few clouds,-13.2,49.05,H√¥tel & Restaurant DIANA Ambilobe
84,Snyder,US,78.31,clear sky,32.7179,-100.9176,"Holiday Inn Express & Suites Snyder, an IHG Hotel"
85,Cayenne,GF,75.24,scattered clouds,4.9333,-52.3333,H√¥tel Le Dronmi
87,Salalah,OM,81.03,overcast clouds,17.0151,54.0924,"HAMDAN PLAZA HOTEL SALALAH, an HTG Hotel"
88,Lorengau,PG,82.69,overcast clouds,-2.0226,147.2712,Lorengau Harbourside Hotel
89,Shouguang,CN,77.41,clear sky,36.88,118.7375,Communications Hotel
90,Tukrah,LY,80.64,broken clouds,32.5341,20.5791,Lagrota restaurant
92,Harper,LR,75.67,overcast clouds,4.375,-7.7169,Screensaver
93,Georgetown,MY,87.73,few clouds,5.4112,100.3354,Cititel Penang
94,Savannah Bight,HN,83.34,overcast clouds,16.45,-85.85,Villa on Dunbar Rock
95,Mount Isa,AU,87.57,broken clouds,-20.7333,139.5,ibis Styles Mt Isa Verona
96,Mackay,AU,80.69,few clouds,-21.15,149.2,International Lodge Motel
97,Banda Aceh,ID,86.59,overcast clouds,5.5577,95.3222,OYO 884 Rumoh PMI Hotel
99,Jacmel,HT,77.99,overcast clouds,18.2342,-72.5347,Historic Hotel Florita
100,Bathsheba,BB,84.81,broken clouds,13.2167,-59.5167,Atlantis Hotel
101,Ewa Beach,US,80.55,clear sky,21.3156,-158.0072,Base Lodging
102,Amuntai,ID,85.28,overcast clouds,-2.4177,115.2494,Hotel Balqis
103,Pochutla,MX,75.81,overcast clouds,15.7432,-96.4661,Hotel Posada San Jose
104,Bata,GQ,75.4,light rain,1.8639,9.7658,Hotel Elik Melen
105,Dhrangadhra,IN,87.78,clear sky,22.9833,71.4667,AMOEBA spot
106,Muroto,JP,75.4,broken clouds,33.2833,134.15,Oota Ryokan
107,Odweyne,SO,79.27,broken clouds,9.4092,45.064,Eng Hiirey House
108,Noumea,NC,78.78,few clouds,-22.2763,166.4572,H√¥tel Le Lagon
110,Kirakira,SB,78.35,overcast clouds,-10.4544,161.9205,SanBiz Lodge
111,Ixtapa,MX,79.83,overcast clouds,20.7,-105.2,hotel la terminal
112,Padang,ID,84.25,light rain,-0.9492,100.3543,Mercure Padang
113,Waddan,LY,87.1,clear sky,29.1614,16.139,ŸÖÿ≠ŸÑ ÿßŸÑÿ¥ÿ±ŸäŸÅ ŸÖÿ≠ŸÖÿØ ÿßŸÑÿπÿßŸäÿ®
114,Chaman,PK,83.73,clear sky,30.9236,66.4512,Niamat parda Center chaman
115,Belawan,ID,88.09,scattered clouds,3.7755,98.6832,Rumah Mamak Bapak M.Radial
116,Meulaboh,ID,84.72,scattered clouds,4.1363,96.1285,Kost Pria
117,Bambanglipuro,ID,82.17,overcast clouds,-7.95,110.2833,Puri Brata
118,Basco,PH,80.42,broken clouds,20.4487,121.9702,Nathaniel's Lodge
119,Panama City,PA,78.17,broken clouds,8.9936,-79.5197,Trump International Hotel & Tower Panama
120,Alofi,NU,76.89,scattered clouds,-19.0595,-169.9187,Taloa Heights
121,Sakakah,SA,76.57,clear sky,29.9697,40.2064,Fakhamat Al Orjoana Apartment
122,Bandundu,CD,75.43,broken clouds,-3.3167,17.3667,Coja Color
123,The Valley,AI,82.26,overcast clouds,18.217,-63.0578,CeBlue Villas & Beach Resort
124,Nouadhibou,MR,75.18,few clouds,20.931,-17.0347,El Medina
126,Palu,ID,85.53,broken clouds,-0.8917,119.8707,Hotel Santika Palu
128,Nichinan,JP,76.68,broken clouds,31.6,131.3667,Guest House Aki
129,Gat,IL,77.68,few clouds,31.61,34.7642,OlusHome
130,Jiazi,CN,82.26,overcast clouds,22.8779,116.067,Hotel Jin Hao
131,Praia,CV,75.74,few clouds,14.9215,-23.5087,LT Aparthotel
132,Samarai,PG,80.67,overcast clouds,-10.6167,150.6667,Nuli Sapi
133,Nurota,UZ,85.71,clear sky,40.5614,65.6886,Guest House Ruslan Nurata & Tours
134,Dingle,PH,85.77,overcast clouds,10.9995,122.6711,SEGAYA PROPERTY
135,Stephenville,US,80.87,scattered clouds,32.2207,-98.2023,La Quinta Inn & Suites by Wyndham Stephenville
136,Taungdwingyi,MM,87.71,broken clouds,20.0167,95.55,NayNaing MobileService
139,Ayagoz,KZ,77.7,clear sky,47.9714,80.4392,Gostinitsa Nur
140,Lazaro Cardenas,MX,76.15,overcast clouds,17.9583,-102.2,HOTEL QUINTA ANTIGUA
141,Port-Gentil,GA,76.96,scattered clouds,-0.7193,8.7815,Fengshui Residence
142,Rock Sound,BS,84.02,clear sky,24.9,-76.2,Pink Corral Bay Property
143,Havelock,US,76.93,scattered clouds,34.8791,-76.9013,Sherwood Motel
144,Bandarbeyla,SO,86.31,scattered clouds,9.4942,50.8122,JABIR HOTEL
145,Atar,MR,84.13,scattered clouds,20.5169,-13.0499,Oumou Elghoura
146,Honiara,SB,76.62,overcast clouds,-9.4333,159.95,Heritage Park Hotel
147,Komsomolskiy,UZ,83.12,broken clouds,40.4272,71.7189,Ikathouse
148,Rehnan,IR,80.11,scattered clouds,32.6846,51.6013,Ÿáÿ™ŸÑ
149,Mahina,PF,78.57,broken clouds,-17.5065,-149.489,Guest Beach Bungalow Tahiti
150,Mayumba,GA,75.07,overcast clouds,-3.432,10.6554,LIKWALE LODGE
151,Tamiahua,MX,75.47,few clouds,21.2667,-97.45,Mission Of The Sun Hotel
152,Amahai,ID,81.91,light rain,-3.3333,128.9167,HOTEL ISABELA
153,Bonthe,SL,75.09,light rain,7.5264,-12.505,Bonthe Holiday Village
154,Shihezi,CN,84.0,clear sky,44.3,86.0333,Home Inn Shihezi Dongwu Road Century Square
155,Terre Haute,US,76.96,clear sky,39.4667,-87.4139,Drury Inn & Suites Terre Haute
156,Alice Springs,AU,76.55,clear sky,-23.7,133.8833,Desert Palms Alice Springs
157,Siraha,NP,88.86,scattered clouds,26.6541,86.2087,Prashant Yadav Home
158,Sola,VU,79.61,scattered clouds,-13.8833,167.55,Leumerus Bungalows
159,Piney Green,US,75.13,clear sky,34.716,-77.3202,Holiday City MHC
160,Simao,CN,79.21,scattered clouds,22.7886,100.9748,Changyu Hotel
161,Japura,ID,85.6,broken clouds,-0.3167,102.35,Rumah mbah Jamah
162,Marawi,PH,78.13,overcast clouds,7.9986,124.2928,Derogongan Residence
163,Malitbog,PH,82.15,overcast clouds,8.5339,124.8831,Balay sa Gwapo
165,Kieta,PG,80.06,moderate rain,-6.2167,155.6333,Uruna Bay Retreat
166,Tual,ID,82.53,broken clouds,-5.6667,132.75,Grand Vilia Hotel
167,Fare,PF,78.87,few clouds,-16.7,-151.0167,Maitai Lapita Village Huahine
168,Acajutla,SV,77.77,overcast clouds,13.5928,-89.8275,CASA DE LA PERRA
169,Balabac,PH,84.54,overcast clouds,7.9868,117.0645,Batalla‚Äôs Lodging House
170,Saint-Georges,GD,81.09,broken clouds,12.0564,-61.7485,Radisson Grenada Beach Resort
171,Wanning,CN,85.59,overcast clouds,18.8003,110.3967,Paradise Hotel
172,Thai Binh,VN,82.47,light rain,20.45,106.3333,Sweden Hotel
173,Vung Tau,VN,83.84,overcast clouds,10.346,107.0843,Seaside Resort
175,Srandakan,ID,81.86,overcast clouds,-7.9386,110.2506,Puri Brata
176,Canyon,US,77.85,clear sky,34.9803,-101.9188,"Holiday Inn Express & Suites Canyon, an IHG Hotel"
177,Puerto Escondido,MX,77.45,overcast clouds,15.85,-97.0667,Aldea del Bazar Hotel and Spa
178,Libreville,GA,77.02,broken clouds,0.3925,9.4537,Hotel Kreg Le Patio
179,Kapit,MY,79.61,overcast clouds,2.0167,112.9333,Hotel Meligai Kapit
180,Mount Pleasant,US,75.0,clear sky,32.7941,-79.8626,Best Western Patriots Point
181,Bajah,YE,81.34,scattered clouds,13.8141,44.6301,ÿ®ÿßÿ¨ÿ©
183,Malpe,IN,79.9,overcast clouds,13.35,74.7167,Hotel Sri Krishna Residency
184,Tautira,PF,77.83,light rain,-17.7333,-149.15,Pension Oaoa
185,Shenxian,CN,81.68,scattered clouds,36.2411,115.6672,Xinhe Hotel
186,Serebryansk,KZ,75.06,clear sky,49.6925,83.2892,"Gostinitsa ""Vodoley"""
187,Bairiki,KI,84.2,broken clouds,1.3292,172.9752,Tarawa Boutique Hotel
188,Kudahuvadhoo,MV,82.22,clear sky,2.6708,72.8944,Niyama Private Islands Maldives
189,Tabou,CI,75.24,overcast clouds,4.423,-7.3528,hot√™l doufoulougou
190,Pringsewu,ID,88.54,overcast clouds,-5.3582,104.9744,Urban Style by Front One
191,Yulin,CN,88.34,overcast clouds,22.6333,110.15,ÁΩóÂºüÂ§©Êµ∑Â§ßÂé¶
193,Karatsu,JP,76.89,overcast clouds,33.4425,129.9697,Niji no Matsubara Hotel
194,San Andres,CO,80.62,broken clouds,12.5847,-81.7006,Hotel Arena Blanca
195,Benghazi,LY,80.64,broken clouds,32.1167,20.0667,Tibesti Hotel
197,Morondava,MG,78.13,clear sky,-20.2833,44.2833,La Case Bambou
198,Yarada,IN,89.92,haze,17.65,83.2667,Yarada Jungle Beach Resorts
199,Manicore,BR,75.15,clear sky,-5.8092,-61.3003,Hotel Durval
200,Shangrao,CN,87.39,broken clouds,28.4532,117.9686,Boyue boutique Hotel
201,Lanzhou,CN,75.18,clear sky,36.0564,103.7922,Lanzhou Amdo Xiangbala Hotel
203,Makakilo City,US,79.12,scattered clouds,21.3469,-158.0858,Marriott's Ko Olina Beach Club
204,Nguru,NG,77.58,overcast clouds,12.8791,10.4526,Government Lodge
205,Jalu,LY,86.0,clear sky,29.0331,21.5482,ÿµÿßÿ≠ÿ®ÿ© ÿßŸÑŸÅÿÆÿßŸÖÿ©
206,Kilindoni,TZ,76.44,light rain,-7.9139,39.6668,Bustani B&B
207,Mitsamiouli,KM,79.09,few clouds,-11.3847,43.2844,Foyer ADM
208,Lahaina,US,79.81,scattered clouds,20.8783,-156.6825,Lahaina Shores Beach Resort
209,Valle Hermoso,MX,77.9,clear sky,25.6667,-97.8333,MAQUINARIA Y TRANSPORTE DE CARGA
210,Cam Ranh,VN,85.96,moderate rain,11.9214,109.1591,OYO 598 Peony Hotel
211,Mangrol,IN,82.72,few clouds,21.1167,70.1167,Hotel The Royal Honours
212,Xinzhi,CN,75.72,few clouds,36.4989,111.7047,Mingyue Hotel
213,Domoni,KM,79.74,scattered clouds,-12.2569,44.5319,Al Djadid
214,Manono,CD,80.22,broken clouds,-7.3,27.4167,Hotel hewa bora
215,Ormara,PK,80.74,few clouds,25.2088,64.6357,Kenara Colony House for Rent
216,Kutum,SD,76.53,overcast clouds,14.2,24.6667,Dibbo areaŸÖŸÜÿ∑ŸÇÿ© ÿØÿ®Ÿà
218,Sanjwal,PK,88.43,clear sky,33.7608,72.4336,ŸÑÿ®€å⁄© €åÿßÿ±ÿ≥ŸàŸÑ ÿßŸÑŸÑ€Å €ÅŸàŸπŸÑ
219,Champasak,LA,83.28,overcast clouds,14.75,106.0,Kiat Ngong Wetland BUNGALOW
220,Buala,SB,75.29,light rain,-8.145,159.5921,Maringe Lagoon Lodge
221,San Pedro,PH,88.27,few clouds,14.35,121.0167,Palines Apartment and Guesthouse
222,Taloqan,AF,83.91,clear sky,36.7361,69.5345,Saraisang street
223,Mecca,SA,87.96,clear sky,21.4267,39.8261,"Makkah Clock Royal Tower, A Fairmont Hotel"
224,Hami,CN,83.21,clear sky,42.8,93.45,Laoyutang Resort
225,Barra Do Corda,BR,75.6,clear sky,-5.5,-45.25,Belchior Palace Hotel
226,Kerema,PG,83.01,light rain,-7.9631,145.7785,Frena Lodge
228,Alta Floresta,BR,75.16,few clouds,-9.8756,-56.0861,Floresta Amazonica Hotel
229,Oyama,JP,78.58,broken clouds,36.3,139.8,Toyoko Inn Oyama-eki Higashi-guchi No.1
230,Ahuimanu,US,79.75,scattered clouds,21.4447,-157.8378,Paradise Bay Resort
231,Nagua,DO,78.6,overcast clouds,19.3832,-69.8474,Hotel Cambri
232,Yeppoon,AU,76.78,scattered clouds,-23.1333,150.7333,Villa Mar Colina
233,Vanimo,PG,82.17,overcast clouds,-2.6741,141.3028,Vahmoneh Lodge Vanimo
234,Tateyama,JP,76.1,overcast clouds,34.9833,139.8667,Tateyama Seaside Hotel
235,Dhidhdhoo,MV,81.61,few clouds,6.8833,73.1,Dhidhoo beach
236,Naze,JP,79.72,broken clouds,28.3667,129.4833,Shishime Hotel
237,Aden,YE,88.0,few clouds,12.7794,45.0367,Sama Emirate Hotel
238,Ternate,ID,84.15,broken clouds,0.8,127.4,Sahid Bela Ternate Hotel
239,Batesville,US,80.94,clear sky,35.7698,-91.641,"Holiday Inn Express & Suites Batesville, an IHG Hotel"
240,Neiafu,TO,79.48,scattered clouds,-18.65,-173.9833,Mystic Sands Beachfront Accommodation
241,Haines City,US,77.95,few clouds,28.1142,-81.6179,Stay Plus Inn
242,Huntsville,US,77.2,clear sky,34.7304,-86.5861,Embassy Suites by Hilton Huntsville
243,Behshahr,IR,76.95,clear sky,36.6923,53.5526,Abbas Abad Hotel & Restaurant
244,Sinnamary,GF,78.48,overcast clouds,5.3833,-52.95,ALETHEIA Appartement Sinnamary
245,Pedernales,DO,80.69,overcast clouds,18.0384,-71.744,Hotel Costa Marina
246,Kuching,MY,89.82,scattered clouds,1.55,110.3333,Hilton Kuching
247,Surab,PK,78.69,clear sky,28.4914,66.2585,Bismillah Hotel
248,Elat,IL,76.84,clear sky,29.5581,34.9482,Club Hotel Eilat
250,Boyolangu,ID,81.41,overcast clouds,-8.1181,111.8935,Yos ega cv
251,Uribia,CO,80.37,broken clouds,11.7139,-72.266,Hotel Uribia
252,Soe,ID,86.4,scattered clouds,-9.8607,124.284,Dena Hotel
253,Jingdezhen,CN,75.16,overcast clouds,29.2947,117.2079,Garden Hotel
254,Binga,ZW,77.59,broken clouds,-17.6203,27.3414,Lakeview Inn Binga
256,Barra,BR,76.55,scattered clouds,-11.0894,-43.1417,Pousada Bahia
257,Bilma,NE,89.06,broken clouds,18.6853,12.9164,Expeditions T√©n√©re voyages
258,Urumqi,CN,77.95,clear sky,43.801,87.6005,Hua Ling Grand Hotel Urumqi
259,Najran,SA,83.05,broken clouds,17.4924,44.1277,ŸÖÿ≠ŸÖÿØ ŸáÿßÿØŸä ÿßŸÑ ŸÅÿ∑Ÿäÿ≠
260,Baghdad,IQ,82.31,broken clouds,33.3406,44.4009,Baghdad Hotel
261,Nabire,ID,82.02,overcast clouds,-3.3667,135.4833,Hotel Nusantara I
262,Labelle,US,75.97,few clouds,26.7617,-81.4384,Port LaBelle Inn
263,Biak,ID,83.5,overcast clouds,-0.9131,122.8766,Penginapan Kim
264,Pathein,MM,87.42,overcast clouds,16.7833,94.7333,Pathein Hotel
265,Acarau,BR,76.87,broken clouds,-2.8856,-40.12,castelo pizzaria
266,Bowen,AU,77.7,overcast clouds,-20.0167,148.2333,Castle Motor Lodge Motel
267,Tura,IN,85.3,few clouds,25.5198,90.2201,Hotel RIKMAN Continental
268,Americus,US,76.14,broken clouds,32.0724,-84.2327,Best Western Plus Windsor Hotel
269,Mahajanga,MG,80.62,clear sky,-15.7167,46.3167,H√¥tel Restaurant Gourmand Coco Lodge Majunga
270,Dharchula,IN,82.44,overcast clouds,29.85,80.5333,Mahara Hotel
272,Makat,KZ,79.02,clear sky,47.6469,53.3463,Umit
273,Oytal,KZ,79.41,broken clouds,42.9057,73.2697,Sanatorium Ak-Niet
274,Fukue,JP,75.56,broken clouds,32.6881,128.8419,Goto Guesthouse Utojuku & SA Car Rental
275,Khandbari,NP,82.69,scattered clouds,27.3747,87.2039,Sainik Hotel And Lodge
276,Porto Velho,BR,75.25,clear sky,-8.7619,-63.9039,Ecos Hotel Conforto
277,Cuamba,MZ,76.35,scattered clouds,-14.8031,36.5372,Hotel Vision
278,Carupano,VE,78.76,overcast clouds,10.6678,-63.2585,Hotel La dorada
279,Gashua,NG,78.28,overcast clouds,12.871,11.0482,Forte Oil - Old Lorry Park
282,Akyab,MM,84.42,broken clouds,20.15,92.9,·Äü·Ä≠·ÄØ·Äê·Äö·Ä∫ ·Äô·Äî·Ä∫·Äô·Ä≠·ÄØ·Äõ·ÄÆ
283,Mindelo,CV,76.55,few clouds,16.8901,-24.9804,Hotel Gaudi
284,San Antonio,US,81.05,broken clouds,29.4241,-98.4936,Drury Plaza Hotel San Antonio Riverwalk
285,Beruwala,LK,83.32,few clouds,6.4788,79.9828,The Palms Hotel
286,Gigmoto,PH,83.93,overcast clouds,13.7796,124.39,Cj's Travellers Inn
287,Shubarkuduk,KZ,75.65,clear sky,49.1447,56.4872,Sirius
288,Puri,IN,84.72,broken clouds,19.8,85.85,OYO 1577 Hotel Shree Hari Grand
289,Pontianak,ID,85.98,broken clouds,-0.0333,109.3333,Aston Pontianak Hotel & Convention Center
290,Areni,AM,81.21,clear sky,39.7191,45.1799,Park-Hotel Khoren's Lake
291,Puerto Penasco,MX,85.91,few clouds,31.3167,-113.5333,Playa Bonita Resort
292,Pandan,PH,86.04,overcast clouds,14.0453,124.1694,Bonifacio Lodge
293,Innisfail,AU,80.4,broken clouds,-17.5333,146.0333,Moondarra Motel
295,Muli,MV,81.9,clear sky,2.9167,73.5667,Medhufushi Island Resort
296,Kailua,US,80.02,scattered clouds,21.4022,-157.7394,Sheffield House Bed & Breakfast
297,Pasighat,IN,83.71,broken clouds,28.0667,95.3333,Siang Guest House
298,Amarpatan,IN,84.24,broken clouds,24.3167,80.9833,‡§∂‡•á‡§ñ ‡§Ö‡§¨‡•ç‡§¶‡•Å‡§≤ ‡§∞‡§∂‡•Ä‡§¶ ‡§∞‡•ã‡§°
300,Erzin,TR,77.31,few clouds,36.9559,36.2,Artemis Otel
301,Kokopo,PG,82.2,overcast clouds,-4.352,152.2633,Kokopo Beach Bungalow Resort
302,Barinas,VE,75.24,broken clouds,8.6226,-70.2075,Hotel Mastranto Suite
303,Oussouye,SN,78.89,overcast clouds,12.485,-16.5469,Auberge du Routard
304,Rantepao,ID,83.5,scattered clouds,-2.9701,119.8978,Hotel Luta Resort
305,Seminole,US,77.34,few clouds,28.7086,-81.2081,Ono Hot Dog Cart and Catering Lemonade and Shaved Hawaiian Ice
306,Zhangzhou,CN,87.73,broken clouds,24.5133,117.6556,Crowne Plaza Zhangzhou
307,Sumenep,ID,81.63,overcast clouds,-7.0167,113.8667,Family Nur Hotel
310,Kankon,IN,82.2,overcast clouds,15.0167,74.0167,Palolem Beach Resort
312,Siavonga,ZM,83.8,broken clouds,-16.5382,28.7088,Lavongora Waterfront Lodge
313,Umm Lajj,SA,84.27,clear sky,25.0213,37.2685,Moon light Furnished Units
314,Haapiti,PF,78.53,light rain,-17.5667,-149.8667,Linareva Moorea Beach Resort
315,Kalmunai,LK,88.86,clear sky,7.4167,81.8167,VS Villa
316,Itarema,BR,76.73,scattered clouds,-2.9248,-39.9167,"Sea Lounge! Bar, Club & Restaurant"
317,Borba,BR,77.32,broken clouds,-4.3878,-59.5939,Hotel da Amaz√¥nia
318,Khuzdar,PK,83.97,clear sky,27.7384,66.6434,jhalwan Rent A Car Compny Moola Chotok
320,Galesong,ID,86.02,scattered clouds,-5.3166,119.3661,Sapriadi Appy
321,Candelaria,PH,85.91,overcast clouds,13.9311,121.4233,Casa de Provincia
322,Xuddur,SO,81.41,clear sky,4.1213,43.8894,Banjanay Hotel
323,Kasempa,ZM,78.66,clear sky,-13.4584,25.8338,Lolelunga Forest Reserve
324,Nuevo Laredo,MX,84.6,broken clouds,27.4763,-99.5164,City Express Nuevo Laredo
325,Tumkur,IN,78.6,overcast clouds,13.3422,77.1017,Vaishali Comforts
326,Seoul,KR,76.39,clear sky,37.5683,126.9778,LOTTE HOTEL SEOUL
327,Freetown,SL,75.24,moderate rain,8.484,-13.2299,The Country Lodge Hotel
329,Beatrice,US,78.89,broken clouds,40.2681,-96.747,Victorian Inn Beatrice
330,Kathmandu,NP,80.82,scattered clouds,27.7167,85.3167,Hotel Shanker Kathmandu
331,Sigli,ID,85.82,overcast clouds,5.3848,95.9609,Losmen Dua Mali
332,Shirvan,AZ,82.87,clear sky,39.9509,48.8994,N…ôriman N…ôrimanov k√º√ß…ôsi ≈ûirvan Az…ôrbaycan
333,Le Port,RE,75.2,broken clouds,-20.9373,55.2919,KORBEY D'OR OUEST
334,Houston,US,81.09,overcast clouds,29.7633,-95.3633,"Hotel ICON, Autograph Collection"
335,Gushikawa,JP,83.62,few clouds,26.3544,127.8686,Kirari Guest House
336,Chengdu,CN,80.94,scattered clouds,30.6667,104.0667,Crowne Plaza Chengdu City Center
337,Salinopolis,BR,79.32,scattered clouds,-0.6136,-47.3561,Salinas Park Resort Ma√ßarico AP101
338,Vega De Alatorre,MX,75.85,overcast clouds,20.0333,-96.6333,Hotel D Luxe
339,Denpasar,ID,83.86,scattered clouds,-8.65,115.2167,OYO 3156 Hotel Warta 2
340,Chirongui,YT,78.73,light rain,-12.9319,45.1483,La Villa Mahatsara
341,Kismayo,SO,80.56,broken clouds,-0.3582,42.5454,Agan-Hotel
342,Nanakuli,US,79.99,scattered clouds,21.3906,-158.1547,Camp PƒÅlehua
343,Road Town,VG,82.49,overcast clouds,18.4167,-64.6167,"ZINGARA 76ft Catamaran, full crew-all included"
344,Gambela,ET,77.29,overcast clouds,8.25,34.5833,Solomon Debebe Hotel
346,Darnah,LY,76.78,few clouds,32.767,22.6367,ŸÅŸÜÿØŸÇ ÿßŸÑŸÅÿ±ÿØŸàÿ≥
347,Weligama,LK,85.57,few clouds,5.9667,80.4167,Weligama Bay Resort
349,Banjar,ID,85.21,overcast clouds,-8.19,114.9675,The Hamsa Resort
350,Kloulklubed,PW,88.3,scattered clouds,7.0419,134.2556,Storyboard Beach Resort
351,Kassala,SD,83.1,broken clouds,15.451,36.4,Amassi Hotel Gash
352,Omboue,GA,76.14,overcast clouds,-1.5746,9.2618,Hotel Olako
353,Auki,SB,75.58,overcast clouds,-8.7676,160.7034,Auki Motel
354,Gizo,SB,76.15,moderate rain,-8.103,156.8419,Imagination Island
355,Sibolga,ID,83.25,broken clouds,1.7427,98.7792,Hotel Syariah CN Darussalam
356,Iralaya,HN,80.55,scattered clouds,15.0,-83.2333,Iglesia morava renovada
357,Cap Malheureux,MU,75.47,clear sky,-19.9842,57.6142,Pereybere Hotel & Spa
358,Sandakan,MY,87.48,overcast clouds,5.8402,118.1179,Hotel Sandakan
360,Montepuez,MZ,75.58,broken clouds,-13.1256,38.9997,PembaAparthotel
361,Riyadh,SA,87.94,broken clouds,24.6877,46.7219,"InterContinental Riyadh, an IHG Hotel"
362,Jacqueville,CI,75.09,broken clouds,5.2052,-4.4146,Hotel Le Martin Pecheur
363,Mandera,KE,82.53,scattered clouds,3.9366,41.867,Red Sea Resort & Suites Mandera County
364,Puerto Maldonado,PE,76.71,broken clouds,-12.6,-69.1833,Wasai Hotel
365,Caborca,MX,79.02,broken clouds,30.5838,-111.101,Hotel Los Lagos
366,Kumluca,TR,78.87,few clouds,36.3703,30.2869,Akkol Apart
367,Gilbues,BR,77.23,broken clouds,-9.8317,-45.3439,Hotel Camapu√£
368,Cienaga,CO,77.99,broken clouds,11.007,-74.2476,The Journey Hostel
369,Luau,AO,76.84,broken clouds,-10.7073,22.2247,Kimbo Hotel
370,Macapa,BR,77.0,scattered clouds,0.0389,-51.0664,Atalanta Hotel
371,Mareeba,AU,87.44,broken clouds,-17.0,145.4333,Trinity Plains Tourist Park
372,Zalantun,CN,75.07,overcast clouds,48.0,122.7167,GreenTree Alliance Hulunbeier Zhalantun Railway Station Hotel
373,Shetpe,KZ,80.92,clear sky,44.1667,52.1167,Rtsm Shetpe Analog
374,Roebourne,AU,83.84,clear sky,-20.7833,117.1333,Latitude20 Roebourne Village
375,Karratha,AU,84.09,clear sky,-20.7377,116.8463,ibis Styles Karratha
376,Eyl,SO,86.16,clear sky,7.9803,49.8164,Amiin Hotel
377,Potam,MX,84.43,broken clouds,27.6,-110.3833,Ejido La Pimienta
378,Lufilufi,WS,83.79,few clouds,-13.8745,-171.5986,Leuaina Beach Resort and Spa
379,Bubaque,GW,79.56,overcast clouds,11.2833,-15.8333,"Casa Dora, Bubaque"
380,Pangai,TO,76.57,light rain,-19.8,-174.35,Ha'apai Beach Resort
381,Catuday,PH,81.79,overcast clouds,16.2923,119.8062,Benjie's Kubo & Cottages
382,Bac Lieu,VN,86.49,moderate rain,9.285,105.7244,Kh√°ch s·∫°n S√†i G√≤n B·∫°c Li√™u
383,Zlitan,LY,79.52,scattered clouds,32.4674,14.5687,ÿßŸÑŸÇÿ≥ŸÖ ÿßŸÑÿØÿßÿÆŸÑŸä ŸÑŸÑÿ¨ÿßŸÖÿπÿ© ÿßŸÑÿ£ÿ≥ŸÖÿ±Ÿäÿ©
384,Unnao,IN,85.98,overcast clouds,26.5333,80.5,OYO 48934 Fantasy Motels
385,Paralimni,CY,80.15,clear sky,35.0375,33.9833,Amore Hotel Apartments
387,Carutapera,BR,78.71,broken clouds,-1.195,-46.02,Lidera
388,Qiqihar,CN,78.67,clear sky,47.3408,123.9672,Ji Hotel Qiqihar Bu Kui Street
389,Qalyub,EG,77.79,clear sky,30.1792,31.2056,ŸÉŸÖÿßŸÑ ŸÅŸáŸÖŸâ ŸÖÿ≠ŸÖÿØ ŸÅŸáŸÖŸâ
390,Takanabe,JP,75.2,broken clouds,32.1333,131.5,Hotel AZ Miyazaki Takanabe
391,Sabha,LY,84.6,clear sky,27.0377,14.4283,ŸÖÿ≠ÿ∑ÿ© ÿßŸÖ ÿßŸÑÿßÿ±ÿßŸÜÿ® -ÿ≥ÿ®Ÿáÿß ŸÖŸàÿßÿµŸÑÿßÿ™
392,Nishihara,JP,83.68,few clouds,26.1842,127.7558,Minshuku Agaihama
393,Siirt,TR,85.08,broken clouds,37.9326,41.9403,Barden Otel
394,Ergani,TR,79.32,overcast clouds,38.2653,39.7621,Serkan Hotel
395,Muscat,OM,89.53,clear sky,23.6139,58.5922,Mutrah Hotel
396,Hendersonville,US,78.46,clear sky,36.3048,-86.62,Hyatt Place Nashville/Hendersonville
397,Yashan,CN,87.91,broken clouds,22.1975,109.9419,Xin Kaibin Guan
398,Jacareacanga,BR,77.9,broken clouds,-6.2222,-57.7528,Casa do Ianüòé
399,Puerto Colombia,CO,79.25,broken clouds,10.9878,-74.9547,Hotel El Emigrante
400,Dunmore Town,BS,84.0,clear sky,25.5,-76.65,Coral Sands Hotel
401,Canutama,BR,77.27,broken clouds,-6.5339,-64.3831,Endere√ßo Atual- Mauricio da Silva Lima
402,Macau,MO,89.4,few clouds,22.2006,113.5461,Grand Emperor Hotel Macau
403,Marzuq,YE,85.51,clear sky,14.4,46.4667,ÿ≠ŸäÿØ ÿßŸÑŸÇŸÅŸÑÿ©
404,Bajil,YE,89.62,few clouds,15.0584,43.2851,ŸÅŸÜÿØŸÇ ÿ≠ÿ∂ÿ±ŸÖŸàÿ™
405,Kaset Sombun,TH,75.97,overcast clouds,16.2805,101.9542,‡πÇ‡∏£‡∏á‡πÅ‡∏£‡∏°‡∏ö‡∏∏‡∏ç‡πÄ‡∏ó‡∏ß‡∏≤
406,Arlit,NE,85.62,scattered clouds,18.7369,7.3853,Case de Passage De la Prefecture
407,Rameswaram,IN,82.4,few clouds,9.2833,79.3,Daiwik Hotels Rameswaram
408,Kuala Terengganu,MY,84.99,broken clouds,5.3302,103.1408,Hotel Grand Continental Kuala Terengganu (4 Star)
409,Ajdabiya,LY,82.26,clear sky,30.7554,20.2263,ŸÖŸÜÿ≤ŸÑÿ© ÿßŸÑÿ≠ÿßÿ¨ ÿ≥ÿßŸÑŸÖ ÿÆŸÑŸäŸÅÿ© ÿßŸÑÿπŸäÿ≥ÿßŸàŸäŸá ÿßŸÑÿ≤ŸàÿßŸàŸä
411,Sagua La Grande,CU,78.49,clear sky,22.8067,-80.0756,Hotel Tel√©grafo
412,Kimbe,PG,79.47,moderate rain,-5.5502,150.1429,Kimbe Bay Hotel
413,Liku,ID,84.16,broken clouds,-0.7275,119.8922,Kost annisa
415,Atambua,ID,86.65,broken clouds,-9.1061,124.8925,Ros Muskanan
416,Mulege,MX,83.57,overcast clouds,26.8833,-111.9833,Casa Granada
417,Beirut,LB,75.38,scattered clouds,33.8889,35.4944,"Crowne Plaza Beirut, an IHG Hotel"
418,Kulhudhuffushi,MV,81.73,few clouds,6.6221,73.07,Haajy Guest House 1
419,Villanueva,HN,75.04,broken clouds,15.3167,-88.0,IGLESIA EVANGELICA DEL PRINCIPE DE PAZ
420,Tshikapa,CD,75.92,overcast clouds,-6.4167,20.8,Tatem beach
421,Saint-Paul,RE,75.31,broken clouds,-21.0096,55.2707,Boucan Canot
422,Mogadishu,SO,80.2,scattered clouds,2.0371,45.3438,Hotel Juba
423,Chifeng,CN,76.48,broken clouds,42.2683,118.9636,Junyu Tiancheng Hotel
424,Rabaul,PG,81.3,light rain,-4.1967,152.1721,Rabaul Hotel
426,Barmer,IN,88.56,clear sky,25.75,71.3833,Jain Dharamshala
427,Phanom Sarakham,TH,89.83,overcast clouds,13.7479,101.3553,SC Resort
428,Sergeyevka,KZ,76.41,clear sky,53.88,67.4158,Amina
429,Manokwari,ID,82.42,overcast clouds,-0.8667,134.0833,Swiss Belhotel Manokwari
430,Fereydun Kenar,IR,80.31,broken clouds,36.6864,52.5225,Khezer Shahr Tourist Hotel
431,Katobu,ID,87.22,overcast clouds,-4.9408,122.5276,La Ode Husein
432,Kendari,ID,84.78,broken clouds,-3.945,122.4989,Hotel Wixel
433,Pitogo,PH,83.53,light rain,13.7847,122.0881,Ricronald
434,Itacoatiara,BR,79.97,scattered clouds,-3.1431,-58.4442,BBB Rooms Centro Itacoatiara AM
436,Sao Felix Do Xingu,BR,75.42,scattered clouds,-6.6447,-51.995,Rio Xingu Camping
437,Chadiza,ZM,76.3,clear sky,-14.0678,32.4392,Sankhani Guest House
438,Morant Bay,JM,77.7,broken clouds,17.8815,-76.4093,Whispering Bamboo Cove Resort
439,Bintulu,MY,80.47,overcast clouds,3.1667,113.0333,900 Boutique INN
440,Altamira,BR,77.22,scattered clouds,-3.2033,-52.2064,Requinte Hotel
441,Kingston,JM,77.23,broken clouds,17.997,-76.7936,The Jamaica Pegasus Hotel
442,Whithorn,JM,81.45,broken clouds,18.2604,-78.0378,Sunset Heal
443,Brownwood,US,81.72,clear sky,31.7093,-98.9912,La Quinta Inn & Suites by Wyndham Brownwood
444,Ambovombe,MG,76.3,clear sky,-25.1667,46.0833,RELAHARA
445,Antalaha,MG,75.09,scattered clouds,-14.9003,50.2788,Hotel Vitasoa
446,Jian,CN,89.78,scattered clouds,27.1172,114.9793,Luling International Hotel
447,Pakxan,LA,88.57,overcast clouds,18.3778,103.6601,Kong Kham Pheng Guesthouse
448,Wucheng,CN,77.38,overcast clouds,29.6008,118.175,Xiuwu Restaurant
449,Batticaloa,LK,86.52,clear sky,7.7102,81.6924,Grand Star Guest House
450,Dawlatabad,AF,86.09,clear sky,36.4141,64.9053,WASIM ASGAR KHAN
451,Aktau,KZ,79.38,scattered clouds,43.65,51.2,Silk Way Hotel
452,Frontera,MX,81.32,clear sky,26.9333,-101.45,Fiesta Inn Monclova
453,San Fernando,PH,82.53,light rain,15.0286,120.6898,Maharlika Hostel
454,Itaituba,BR,80.83,overcast clouds,-4.2761,-55.9836,Hotel Campos
455,Karatau,KZ,77.47,clear sky,43.1667,70.4667,Baza Zika
456,Awbari,LY,84.72,clear sky,26.5921,12.7805,ŸÅŸÜÿØŸÇ ÿ£Ÿàÿ®ÿßÿ±Ÿä
457,Pa Sang,TH,88.86,overcast clouds,18.5262,98.9394,‡πÇ‡∏£‡∏á‡πÅ‡∏£‡∏° ‡∏à‡∏≤‡∏°‡∏à‡∏∏‡∏£‡∏µ 99
458,Zhanakorgan,KZ,87.93,clear sky,43.9098,67.2495,"""–ê“õ–ø–∞–ª–∞—Å"" “õ–æ–Ω–∞“õ “Ø–π—ñ"
459,Nara,JP,77.5,broken clouds,34.6851,135.8049,Guesthouse Nara Komachi
460,Miami,US,83.01,broken clouds,25.7743,-80.1937,Miami Sun Hotel- Downtown/Port of Miami
461,Karaton,ID,86.38,overcast clouds,-6.3424,106.1045,Parkir Mobil Wisata CAS Water Park
462,Tanggu,CN,78.76,clear sky,39.0211,117.6469,Ibis Tianjin Tanggu Hotel
463,Karoi,ZW,76.98,clear sky,-16.8099,29.6925,Chikangwe Guest houses
464,Bhindar,IN,88.05,clear sky,24.5,74.1833,Hotel Rajmahal Bhindar
465,Waw,SS,78.01,broken clouds,7.7029,27.9953,Universal Gab Hotel
466,Salani,IN,81.61,overcast clouds,29.957,79.7127,Forest Guest House
467,Ushtobe,KZ,84.56,clear sky,45.2514,77.9838,"Gostinitsa ""Diyar"""
468,Labuhan,ID,84.97,light rain,-6.8844,112.2051,DoubleFAG
469,Saraland,US,78.31,few clouds,30.8207,-88.0706,Microtel Inn & Suites by Wyndham Saraland/North Mobile
471,Labrea,BR,76.86,few clouds,-7.2586,-64.7981,Hotel Novo Horizonte
472,Mapastepec,MX,75.85,overcast clouds,15.4333,-92.9,Hotel San Carlos
473,Xapuri,BR,76.84,few clouds,-10.6517,-68.5044,Pousada dos Chapurys
474,Rumonge,BI,81.41,overcast clouds,-3.9736,29.4386,Kwetu Guest House
475,Andros Town,BS,83.25,clear sky,24.7,-77.7667,Hanks place
476,Phan Thiet,VN,87.58,overcast clouds,10.9333,108.1,Hotel Saigon-PT
477,Luwuk,ID,85.69,overcast clouds,-0.9516,122.7875,Hotel Santika Luwuk
478,Bela,IN,88.14,overcast clouds,25.9333,81.9833,Raj Bhawan
479,Gorontalo,ID,86.36,scattered clouds,0.5412,123.0595,Maqna Hotel by Prasanthi
480,Trairi,BR,76.84,scattered clouds,-3.2778,-39.2689,janelas do mar
481,Alyangula,AU,85.24,few clouds,-13.8483,136.4192,Groote Eylandt Lodge
482,Semporna,MY,86.56,heavy intensity rain,4.4818,118.6112,"Han Palace Hotel, Semporna, Sabah."
483,Bellview,US,79.75,clear sky,30.4616,-87.315,Hospitality Inn Management Co
484,San Policarpo,PH,85.12,overcast clouds,12.1791,125.5072,Agapita M. Nicart
485,Hamadan,IR,75.92,clear sky,34.7992,48.5146,Parsian BuAli Hotel
486,Kalawit,PH,85.46,broken clouds,8.0667,122.5167,Ompoy Pension House
487,Daru,PG,81.1,overcast clouds,-9.0763,143.2092,Daru Lodge
488,Gurupi,BR,82.58,broken clouds,-11.7292,-49.0686,Via Norte Hotel
489,Harindanga,IN,86.61,overcast clouds,22.0383,88.3214,Hasanur Builders
490,Russellville,US,75.97,clear sky,35.2784,-93.1338,Hampton Inn Russellville
491,Tulsipur,NP,84.16,overcast clouds,28.131,82.2973,Ekanta Hotel Pvt. Ltd
492,Isla Mujeres,MX,77.16,clear sky,21.2311,-86.731,Hotel La Joya Isla Mujeres
493,Huangchuan,CN,80.62,overcast clouds,32.1272,115.0394,Guangzhou International Hotel
494,Ojinaga,MX,79.75,clear sky,29.5667,-104.4167,Suites Las Palmas
495,Sabang,ID,83.03,overcast clouds,5.8933,95.3214,Hotel Citra
496,Guangyuan,CN,76.98,overcast clouds,32.442,105.823,Guangyuan Poetry Hotel
497,Wad Rawah,SD,85.24,overcast clouds,15.1603,33.1397,ÿ≠Ÿàÿ¥ ÿ¨ŸÑŸä ŸàÿØÿ±ÿßŸàÿ©
499,Bhatkal,IN,81.41,overcast clouds,13.9667,74.5667,Nilawar Palace Lodge
500,Mineral Wells,US,82.0,few clouds,32.8085,-98.1128,The Baker Hotel and Spa
501,Aksu,CN,81.14,overcast clouds,41.1231,80.2644,Pudong Holiday Hotel
503,Sorong,ID,80.46,overcast clouds,-0.8833,131.25,Waigo Splash Hotel
505,Les Cayes,HT,78.35,overcast clouds,18.2,-73.75,Villa Orphee
506,Hervey Bay,AU,75.02,light rain,-25.2986,152.8535,Shelly Bay Resort
507,Fushun,CN,76.71,clear sky,41.8558,123.9233,Love Theme Apartment Xinhua Branch
508,Jiuquan,CN,76.26,clear sky,39.7432,98.5174,Jiuquan Hotel
509,Pokhara,NP,80.56,overcast clouds,28.2333,83.9833,OYO 170 Hotel View Point
510,Manadhoo,MV,81.61,clear sky,5.7667,73.3833,Bon Abri maldives
511,Safford,US,75.11,broken clouds,32.834,-109.7076,SpringHill Suites by Marriott Thatcher
512,Ishigaki,JP,79.16,scattered clouds,24.3448,124.1572,Hotel Peace Land Ishigakijima
513,Dharmapuri,IN,85.96,overcast clouds,12.1333,78.1667,Saravana Inn
514,Sarangani,PH,84.27,overcast clouds,5.4033,125.4636,JVL Inn and Cafeteria
515,Tulagi,SB,78.3,overcast clouds,-9.0996,160.1476,Vanita Motel & Restaurant
516,Hienghene,NC,76.17,clear sky,-20.6833,164.9333,Ka Waboana Lodge
517,Tabas,IR,89.42,clear sky,33.5959,56.9244,ÿ¥ÿ±⁄©ÿ™ ŸÖÿπŸÖÿßÿ±€å ŸÖŸáÿ±ÿßÿ≤ ÿ¥ÿß€å⁄ØÿßŸÜ ÿ¢ÿ±ÿßÿØ
518,Sikonge,TZ,75.92,broken clouds,-5.6333,32.7667,Sikonge Ndawvukilo Lodge
519,Canto Do Buriti,BR,75.34,scattered clouds,-8.11,-42.9444,Novo Hotel
520,Tecoanapa,MX,75.65,overcast clouds,16.5167,-98.75,Hotel Manglares
521,Xiangxiang,CN,77.31,broken clouds,27.7333,112.5333,Huatai International Hotel
522,Misratah,LY,80.15,scattered clouds,32.3754,15.0925,Almasa Hotel
523,Vaitape,PF,78.58,broken clouds,-16.5167,-151.75,Conrad Bora Bora Nui
524,Taft,IR,82.35,clear sky,31.7471,54.2088,ÿπŸÖÿßÿ±ÿ™ ÿ≥ÿßÿπÿ™€å ÿ™ŸÅÿ™
525,Hurghada,EG,80.64,clear sky,27.2574,33.8129,Sea Star Beau Rivage Hotel
526,Kampot,KH,84.25,overcast clouds,10.6167,104.1833,Two Moons Hotel
527,Malakal,SS,78.21,overcast clouds,9.5334,31.6605,Nile Palace Hotel
528,Cocorit,MX,81.3,broken clouds,27.5833,-109.9667,Kaba Motel
529,Conceicao Do Araguaia,BR,85.1,broken clouds,-8.2578,-49.2647,Tarum√£ Tropical Hotel
530,Saryozek,KZ,83.37,scattered clouds,44.3583,77.9753,Gostinitsa
531,Jilib,SO,84.65,broken clouds,0.4883,42.7854,Waadi Hotel
532,Sawakin,SD,88.29,clear sky,19.1059,37.3321,ŸÅŸÜÿØŸÇ ÿßŸÑÿØŸàŸäŸÖ
533,Soure,BR,79.23,clear sky,-0.7167,-48.5233,Casar√£o da Amaz√¥nia
534,Nortelandia,BR,78.01,scattered clouds,-14.4547,-56.8028,Pousada e Restaurante Santana
535,Kingman,US,80.26,overcast clouds,35.1894,-114.053,Rodeway Inn Kingman Route 66
536,Charleston,US,75.02,clear sky,32.7766,-79.9309,The Mills House Wyndham Grand Hotel
537,Karpathos,GR,75.16,few clouds,35.507,27.2132,Alex
538,Grand-Bourg,GP,78.75,overcast clouds,15.8835,-61.3148,Coco Beach Resort
539,Texarkana,US,80.82,clear sky,33.4251,-94.0477,"Holiday Inn Express & Suites Texarkana, an IHG Hotel"
540,Lubumbashi,CD,77.29,scattered clouds,-11.6609,27.4794,Glo Flats
541,Mizdah,LY,77.99,clear sky,31.4451,12.9801,ŸÖÿ≠ŸÖÿØÿßŸÑŸÖÿ®ÿ±ŸàŸÉ ÿßŸÑÿßÿ±ŸäŸÇÿ∑
542,Murgab,TM,87.62,clear sky,37.4966,61.9714,Wepa Nurly√Ωew
543,Virden,US,77.63,clear sky,39.5009,-89.7679,Virden Nail Spa
544,Mangochi,MW,79.23,few clouds,-14.4782,35.2645,Fort Johnstone Hotel
545,Yinchuan,CN,76.17,clear sky,38.4681,106.2731,JJ Inns - Yinchuan New Moon Square Branch
546,Tambun,ID,87.69,haze,-6.2641,107.0712,Metland Hotel Bekasi
547,Boralday,KZ,78.66,few clouds,43.3578,76.8594,"Zhetysu, Too Zhetysu"
549,French Harbor,HN,77.0,broken clouds,16.35,-86.4333,"Fantasy Island Beach Resort, Dive & Marina"
550,Matay,EG,76.39,clear sky,28.419,30.7792,Nag Aespen
551,Malinovoye Ozero,RU,75.85,few clouds,51.6753,79.7825,Baza Otdykha
555,Ranong,TH,83.88,broken clouds,9.9658,98.6348,Numsai Khaosuay Resort Ranong
556,Lamu,KE,80.82,broken clouds,-2.2717,40.902,Lamu House
557,Maryborough,AU,75.11,light rain,-25.5333,152.7,Blue Shades Motel
558,Fort Smith,US,84.24,clear sky,35.3859,-94.3986,Hampton Inn Fort Smith
559,Mkushi,ZM,78.04,few clouds,-13.6202,29.3939,Mkushi Police Club
560,Alvin,US,81.09,clear sky,29.4238,-95.2441,"Holiday Inn Express & Suites Houston-Alvin, an IHG Hotel"
561,Damaturu,NG,76.17,overcast clouds,11.747,11.9608,"Hayas Guest Inn, Central Roundabout, Gujba Road"
562,Bageshwar,IN,84.81,overcast clouds,29.85,79.7667,Dangwal house
563,Dawei,MM,84.4,overcast clouds,14.0833,98.2,Hotel Dawei
564,Thiruvananthapuram,IN,85.98,few clouds,8.4833,76.9167,Hotel Residency Tower
565,Kabompo,ZM,75.87,scattered clouds,-13.5927,24.2008,Big Tree
566,Taybad,IR,82.36,clear sky,34.74,60.7756,ŸÑ€å ŸæŸàÿ¥ jean center
567,Tuy Hoa,VN,83.98,overcast clouds,13.0833,109.3,CenDeluxe Hotel Tuy Hoa
568,Matam,SN,81.27,overcast clouds,15.6175,-13.3303,Hotel Beelel Jeeri
569,Fayaoue,NC,76.86,clear sky,-20.65,166.5333,Chez Dydyce Guesthouse
570,Obigarm,TJ,77.7,scattered clouds,38.7173,69.7088,–ì–∞—Ä–º–æ–±–∞
571,Qui Nhon,VN,83.32,overcast clouds,13.7667,109.2333,Seagull Hotel
572,Garowe,SO,85.53,few clouds,8.4054,48.4845,Curubo Hotel
573,Indramayu,ID,84.2,overcast clouds,-6.3264,108.32,Grand Trisula Hotel
575,Sulangan,PH,84.81,overcast clouds,11.1373,123.7228,Maia's Beach Resort
576,Luancheng,CN,82.56,clear sky,37.8792,114.6517,Shell Hebei Shijiazhuang Luancheng Xinyuan Road Hotel
577,Bilkha,IN,83.8,clear sky,21.4333,70.6,My house
578,Bacolod,PH,84.51,overcast clouds,10.6667,122.95,Planta Hotel & Residences
579,Paragould,US,75.81,clear sky,36.0584,-90.4973,Linwood Motel
580,Mana,GF,77.04,overcast clouds,5.6592,-53.7767,LE SAMANA
581,Narimanov,RU,75.11,broken clouds,46.6927,47.8498,Solnechnyi
582,Qostanay,KZ,75.49,clear sky,53.1667,63.5833,Hotel Fessla
583,Ciudad Bolivar,VE,77.45,overcast clouds,8.1222,-63.5497,Hotel Edi
584,Torbat-E Jam,IR,81.1,clear sky,35.244,60.6225,White building
585,Cabimas,VE,79.66,broken clouds,10.3883,-71.4399,Sala velatoria
586,Xihua,CN,82.38,overcast clouds,33.7833,114.5167,Home Inn
588,Toktogul,KG,75.31,broken clouds,41.8708,72.9402,KAGAN
589,Hulan Ergi,CN,79.3,clear sky,47.2042,123.6333,Qiqihaer Zhongtian Hotel
590,Mazatlan,MX,82.02,broken clouds,23.2167,-106.4167,Hotel La Siesta
591,Phonhong,LA,85.41,overcast clouds,18.5007,102.4166,Manyvong Guest House
592,Tabuk,PH,84.45,overcast clouds,17.4189,121.4443,Golden Berries Hotel and Convention
594,Manoel Urbano,BR,75.85,broken clouds,-8.8389,-69.2597,Baixada Beira Rio
595,Barra Do Bugres,BR,77.18,scattered clouds,-15.0725,-57.1811,Hotel 4AM Petrofurt
596,Udaipura,IN,81.61,overcast clouds,23.0833,78.5,Hotel Kanha Palace
598,Lengshuitan,CN,86.49,broken clouds,26.4111,111.5956,Jialong Hotel
599,Neyyattinkara,IN,85.86,clear sky,8.4,77.0833,KALPADIYIL
600,Palmas,BR,80.47,broken clouds,-10.2128,-48.3603,Hotel Lago da Palma
601,Curup,ID,77.63,overcast clouds,-3.4667,102.5333,Ayi The Costel
602,Mabay,PH,85.59,broken clouds,6.0577,124.4666,Bautista Lodging House
603,Manado,ID,81.37,scattered clouds,1.487,124.8455,Aryaduta Hotel
604,Pouembout,NC,77.97,clear sky,-21.1333,164.9,Camping de Tipenga
605,Kadur,IN,80.11,overcast clouds,13.5533,76.0131,Annapoorna Castle
606,Abu Zabad,SD,78.96,overcast clouds,12.35,29.25,ÿ≠ÿßŸÖÿØ ŸÖÿ≠ŸÖÿØ ŸÜŸàÿ±
607,Kamina,CD,75.27,light rain,-8.7386,24.9906,LEANIF HOTEL RESTAURANT
608,Nacala,MZ,79.83,broken clouds,-14.5428,40.6728,Nacala Plaza Business Design Hotel
610,Songadh,IN,82.09,overcast clouds,21.1667,73.5667,Navrang Chinese centre
612,Marsa Matruh,EG,76.59,clear sky,31.3525,27.2453,Beau Site
613,Nova Olimpia,BR,78.37,few clouds,-14.7972,-57.2881,Motel glamour
614,Siuri,IN,88.02,broken clouds,23.9167,87.5333,Sarada Hotel & Deepa Restaurant
615,Birjand,IR,78.58,clear sky,32.8663,59.2211,Birjand Tourist Hotel
616,Manaus,BR,81.09,clear sky,-3.1019,-60.025,Manaus Hot√©is Millennium
617,Ubon Ratchathani,TH,79.52,overcast clouds,15.1667,105.1667,‡∏ö‡πâ‡∏≤‡∏ô‡∏≠‡∏¥‡∏ô‡∏ó‡∏£‡πå‡πÇ‡∏ä‡∏ï‡∏¥
618,Kanniyakumari,IN,84.72,clear sky,8.0833,77.5667,Sparsa Kanyakumari
619,Ingleside,US,83.01,clear sky,27.8778,-97.2117,Quality Inn Ingleside - Corpus Christi
620,Dicabisagan,PH,84.27,overcast clouds,17.0818,122.4157,Nancy Montanes Bernardo
621,Bekobod,UZ,87.49,clear sky,40.2208,69.2697,Metallurg
622,My Tho,VN,85.71,overcast clouds,10.35,106.35,S√¥ng Ti·ªÅn Annex Hotel
623,Waingapu,ID,87.51,clear sky,-9.6567,120.2641,Pondok Wisata Elim
624,Goianesia,BR,76.95,broken clouds,-15.3175,-49.1175,Kamur Plaza Hotel - Goian√©sia
625,Maumere,ID,84.51,broken clouds,-8.6199,122.2111,Sylvia Hotel
626,Kasulu,TZ,78.82,broken clouds,-4.5767,30.1025,Nazaret lodge
627,Jaciara,BR,77.5,few clouds,-15.9653,-54.9683,Taba Hotel
628,Ugoofaaru,MV,81.48,few clouds,5.6667,73.0,Ungoofaaru Inn
629,Lashio,MM,84.02,overcast clouds,22.9333,97.75,Hotel CF Lashio - Burmese Only
630,Ducheng,CN,86.32,overcast clouds,23.2373,111.5317,Xinyongguang Hotel
631,Yuncheng,CN,77.7,broken clouds,35.0231,110.9928,ÊôãÂ∑ûÂø´Êç∑ÈÖíÂ∫ó
632,Sung Noen,TH,77.76,overcast clouds,14.8992,101.8207,Ploynamkang Resort
633,Bodden Town,KY,82.92,clear sky,19.2833,-81.25,Will T Place
634,Miramar,US,83.01,clear sky,25.9873,-80.2323,Stadium Hotel
635,Jorhat,IN,86.88,broken clouds,26.75,94.2167,Hotel Jora Palace
636,Lincoln,US,80.51,clear sky,40.8,-96.667,Courtyard by Marriott Lincoln Downtown/Haymarket
637,Sri Aman,MY,78.19,overcast clouds,1.2376,111.4621,Seri Simanggang Hotel
638,Monrovia,LR,75.13,moderate rain,6.3005,-10.7969,Sunset Inn
639,Ardakan,IR,86.14,few clouds,32.31,54.0175,Ardakan Hotel
640,Praya,CV,75.74,few clouds,14.9215,-23.5087,LT Aparthotel
641,Palembang,ID,89.69,scattered clouds,-2.9167,104.7458,ASTON Palembang Hotel & Conference Center
642,Lukulu,ZM,78.42,overcast clouds,-14.3707,23.242,Ruth Guest House
643,Khiv,RU,75.54,clear sky,41.7543,47.9306,Four Seasons
644,Gasa,PS,78.87,clear sky,31.5,34.4667,ÿ±ÿßÿ®ÿ∑ÿ© ÿßŸÑŸÅŸÜÿßŸÜŸäŸÜ ÿßŸÑŸÅŸÑÿ≥ÿ∑ŸäŸÜŸäŸäŸÜ
645,Lianyuan,CN,83.43,overcast clouds,27.6883,111.6642,Lianyuan Hotel
646,Beihai,CN,86.2,broken clouds,21.4833,109.1,21 Degree Hostel
647,Florida,US,75.9,clear sky,28.7505,-82.5001,Sportsmens Cove
648,Rudnyy,KZ,75.43,clear sky,52.9594,63.1206,Gostinitsa Troya
649,Puerto Cabezas,NI,76.84,broken clouds,14.0351,-83.3888,Caba√±a Caribe
650,Langsa,ID,88.27,scattered clouds,4.4683,97.9683,OYO 3328 Hotel Mori
651,Harrison,US,77.05,clear sky,30.4091,-89.0436,Residence Inn by Marriott Gulfport-Biloxi Airport
